,ssh,t,u,v,ssh_obj
1993-01-16 12:00:00,0.47337013066404876,0.9495394032491646,-0.8379346560451947,-1.6433415154605908,0.07265976819516522
1993-02-15 00:00:00,0.29442410161812765,0.7555951737672226,0.4545277904444001,0.800128169348854,0.05646190431921145
1993-03-16 12:00:00,0.7593834029281793,0.7117708298806136,0.6885589788874982,-0.038352212997663726,-0.27831944921116253
1993-04-16 00:00:00,0.7334678151470467,0.2760103508206501,-0.01509931933245068,0.7064155996002814,-0.08108373547375805
1993-05-16 12:00:00,-0.30158010540558455,0.170100413718924,-0.24962885019853454,0.20977700299793003,0.5348878451849539
1993-06-16 00:00:00,-0.49106295485585616,0.02011756639193286,-1.49077842188746,0.5538579138557914,0.2728238983652394
1993-07-16 12:00:00,0.09954291345065934,0.4814937169797137,-0.34024698095371353,0.5662674945975279,-0.8113436846358849
1993-08-16 12:00:00,-0.5859112659343606,0.8839674821610726,-0.5574160111985552,0.11433349304168104,-0.5271734621699933
1993-09-16 00:00:00,-0.5548555454303536,0.39857645943946357,-0.904510800617176,-1.6520933376422935,-0.28746343996135615
1993-10-16 12:00:00,-0.4742265795493257,0.5955541191598124,-0.24186644986625352,-0.6740780221231153,-0.3411499949294169
1993-11-16 00:00:00,0.036414990986306815,0.8018553996554543,-0.5867910108426152,0.5521802160552233,-0.273903662034238
1993-12-16 12:00:00,-0.2610905975003776,0.4811853991992856,-0.33080614168387346,-0.09717841593999646,-0.5879562808478425
1994-01-16 12:00:00,0.25621673090054825,0.5627408194683139,0.8996431528727548,0.08966139583934643,-0.9691084195290708
1994-02-15 00:00:00,-0.052233644050398535,0.2885742387112484,0.6773519019670263,-0.22359168606145316,-1.3642576539772504
1994-03-16 12:00:00,-0.2887261118246103,0.4966894330365141,0.6708545709682934,-1.0581884458252362,-1.646388039603778
1994-04-16 00:00:00,0.07149460584717704,0.9323837089916082,1.035352600913077,-0.9645224998893733,-1.58824040020009
1994-05-16 12:00:00,0.19281470461063904,0.8510883595286949,1.0190206146440848,-0.4130451389855015,-1.35750239283919
1994-06-16 00:00:00,0.41462601614692773,0.8641964429175186,0.5874463121691166,-1.4057270760747886,-0.47370565975817264
1994-07-16 12:00:00,-0.01417060846550656,0.6828391132207479,0.29154108953442126,0.16967122920699693,-1.1942832444870402
1994-08-16 12:00:00,-0.4766612710323255,0.814324002209695,-1.2671676546516384,-0.5353435135562421,-1.277153364211596
1994-09-16 00:00:00,-0.35148160063168465,0.9552737420953106,-0.44239338986151777,-1.9027949454361366,-0.7359064063010708
1994-10-16 12:00:00,-0.19448362542463837,0.8147202197327801,-0.324875508388253,-1.7583439185878176,-0.23554859706990372
1994-11-16 00:00:00,-0.19567478328889784,1.1130589996495064,-0.31556833759212954,-2.485022405935155,0.6352797181823179
1994-12-16 12:00:00,0.21705529260782075,0.9425740116272419,-1.1207716370525276,-1.7863468676143983,0.08794852824199
1995-01-16 12:00:00,0.8716195419861392,0.6187448957272885,-0.5766615126645265,-0.18857520012611015,-0.6091972526330875
1995-02-15 00:00:00,0.41685084764260355,0.7483248573721688,-0.2571948555253777,-2.3452951587168935,-0.6391450259306353
1995-03-16 12:00:00,0.5869972632418295,1.2495262097860178,0.17745495725772562,0.9380948587547181,-1.2204676057176607
1995-04-16 00:00:00,0.014185883776985991,1.254379989334126,0.08642480480301083,0.06687303652433359,-1.1622297310261076
1995-05-16 12:00:00,0.28612083755340134,1.1206129301955983,0.5691927134501348,-0.05711646399939789,-1.7590051771394195
1995-06-16 00:00:00,-0.5160873153109167,1.20089979423429,0.6313982527874841,-1.841072698017167,-0.8257148074416953
1995-07-16 12:00:00,-0.48429266582434966,0.5616855152283053,-0.3890930592826953,-0.31175729574413863,-1.0234886051168066
1995-08-16 12:00:00,-1.1965673728175834,0.30324685935568013,-0.7265836532998445,-0.17272898367232037,-1.6139473127864126
1995-09-16 00:00:00,-1.1041615711513941,0.04307596045746388,-1.379442914113279,0.5207171187153838,-0.8239107067376923
1995-10-16 12:00:00,-1.3146727451608775,-0.15935063569512645,-0.9138504108526875,-0.20669328664038114,-0.9411017962189904
1995-11-16 00:00:00,-0.9128902107922825,-0.5869032928266751,-0.6824892803128397,0.3051692877315461,-0.8529322154802508
1995-12-16 12:00:00,-0.3889374296926986,-0.8763118782609964,-1.1473923042833518,0.14601302679946207,-1.1280321367835604
1996-01-16 12:00:00,-1.2571327294741586,-1.0262037437732172,-1.045568821227274,-1.4185897252453075,-0.3930480708263599
1996-02-15 12:00:00,0.11369613024441226,-0.4875451301501735,0.31065726752121153,-0.4143283959617578,0.7063956311302245
1996-03-16 12:00:00,-0.5667589556938037,-0.07491365283583173,0.3498347023520794,0.3271214179681106,-0.32477560255042304
1996-04-16 00:00:00,-0.6159319813055165,-0.03344133938459378,0.899640584273535,-0.45201461478482996,-0.4595999719357759
1996-05-16 12:00:00,0.05464619896366972,-0.05320824689736186,0.16245250847106513,0.16897214596097798,-1.040375972826453
1996-06-16 00:00:00,0.07473415644208269,-0.14959607254997948,0.7153742256176472,-0.8597819336862268,-0.6222964286448961
1996-07-16 12:00:00,0.08165418358045391,-0.1450558878504842,0.5564256858737687,2.2770005109191804,-0.7502171821244329
1996-08-16 12:00:00,-0.43790764284281175,-0.5188138593546264,1.2736389603716614,-0.48840497906201336,-0.9582028036407434
1996-09-16 00:00:00,-0.7605661013529186,-0.06811586311769081,1.1362897192060761,0.07027567922996218,-0.9401269120989707
1996-10-16 12:00:00,-0.34706674985576835,-0.20239382164916725,0.208262986094712,1.4409384310857019,-1.1427325354068911
1996-11-16 00:00:00,-0.7848783062061117,-0.13859677417928232,0.287681405480471,-0.933437439822561,-1.0237019534650145
1996-12-16 12:00:00,-0.1721754792190932,-0.2000104525919352,-0.1889681495148211,0.42126819051771847,-0.894755255770256
1997-01-16 12:00:00,0.4740066372030487,-0.10826452472864943,1.0359961018787716,1.2274970853649532,-0.995431036517244
1997-02-15 00:00:00,-0.033557439428279594,-0.0009025112917076439,-0.0601218881835552,-0.2028466446099406,1.5527645514923272
1997-03-16 12:00:00,0.0013507083863358422,0.14901785606741175,1.250084619293779,-0.22374760605489455,0.7237441200132604
1997-04-16 00:00:00,0.557290150038021,0.40171237893804584,0.5488919215502119,0.8047606622757555,0.08270009612083293
1997-05-16 12:00:00,0.6492070135680268,0.638911685731019,0.38089016085715127,-1.5534831393267625,1.8588102051704847
1997-06-16 00:00:00,0.48098978493418587,0.039677782405593526,-0.495979182457454,-0.3028494826162298,2.2299311912422564
1997-07-16 12:00:00,0.6954354743854368,0.7102432538208245,-1.5702631386719743,0.1341681653086254,3.13356302523922
1997-08-16 12:00:00,1.7642204183320385,1.3079727500274776,0.2614548079101727,-0.8699627180691951,1.7528769612115012
1997-09-16 00:00:00,2.425854153353377,1.331858818441096,1.360413038106912,-0.19350601244877713,1.7189503953520204
1997-10-16 12:00:00,1.6414864680970636,1.1100763167324812,2.6169305277504304,-0.44867284962864434,3.376822027369993
1997-11-16 00:00:00,0.9348505957991723,0.6262226674562957,1.0057132168962493,-0.05920143226200956,3.046972033381097
1997-12-16 12:00:00,0.8148464448019989,0.3819154122284283,1.412198472818419,-2.461415803720602,2.7786079378783586
1998-01-16 12:00:00,0.9680290657601408,0.7052698932836404,1.4128752146149295,-1.0391638210074325,1.817545552007328
1998-02-15 00:00:00,0.9804322729563952,0.863073788283188,-0.6042962280944933,1.8981989506336994,1.5770158099554248
1998-03-16 12:00:00,0.8300744809855066,0.7995558988992515,-1.4510329284852588,-0.3342621788137757,1.7014941884246124
1998-04-16 00:00:00,-0.006620506907757628,0.25563823833003047,-1.5707071127329224,0.4002061544033419,0.8621844826905245
1998-05-16 12:00:00,-1.2971375381998531,0.6556331442113894,-1.9513299751131707,1.0073221954480824,0.8180492033023029
1998-06-16 00:00:00,-2.3314122859619584,0.3274940562578091,-2.2014138048695924,1.2630084788622564,-0.4772813734479601
1998-07-16 12:00:00,-2.775449560296223,-0.39365714497673027,-2.234929330918601,-0.14632348571155523,-1.0473099627131799
1998-08-16 12:00:00,-2.0211996739052567,-1.4320420037417014,-2.093495824146881,-0.24064193386246527,-0.8215893642353956
1998-09-16 00:00:00,-0.35554048591228077,-1.876966494416256,-1.145405144998741,0.01612286817027131,-0.8950720788610838
1998-10-16 12:00:00,-1.4627601853067906,-1.7567935423803502,-1.0089978189358757,1.1370419142606685,-0.9469685405445188
1998-11-16 00:00:00,-1.2649153001187,-1.7306998573655505,-1.166209278249479,0.14732699285774237,-1.1526397246256035
1998-12-16 12:00:00,-1.6744845470377423,-2.1514751950274604,-0.5857459090774454,1.4573106734163286,-1.3134573498967004
1999-01-16 12:00:00,-1.8792061290884798,-1.9899794463830294,-0.3408472510029024,-0.780818268502784,-0.7959865924145478
1999-02-15 00:00:00,-1.8897012136517928,-1.7913067860928822,-1.2727892962728244,0.5776855400032226,-0.9127800589225854
1999-03-16 12:00:00,-1.7943701924059268,-1.9656264275739341,-0.22720528229312623,0.009414053697163971,-0.46284155359607576
1999-04-16 00:00:00,-2.6424324133710617,-1.85420300812412,-2.0345826566357594,0.4087705072174243,-0.33870505230532233
1999-05-16 12:00:00,-1.5639123041699345,-1.607981780424958,-0.7390314740390969,0.49531671027037716,-1.0174942469179815
1999-06-16 00:00:00,-1.0334827865021043,-1.4803288872731695,0.5569034381800815,-0.07816961390467617,-0.767311483841833
1999-07-16 12:00:00,-1.1164526869857072,-1.3397087878087048,-0.23778179379913608,-0.024810542196981606,-1.162821074076734
1999-08-16 12:00:00,-0.6652267158692969,-1.6648288139358516,-0.7554187414610335,0.6013373471685416,-1.4962924731352762
1999-09-16 00:00:00,-1.4712367867725202,-1.6765300375134635,-0.8600770404384392,0.540495216570323,-1.278669771194869
1999-10-16 12:00:00,-0.9943385644520395,-1.1723287367848831,-0.5170188041832371,0.5247048169446517,-1.0788158998603439
1999-11-16 00:00:00,-1.556328576314775,-1.2086531551530149,-0.6095829625047035,-0.029882627713204442,-1.0337628062455122
1999-12-16 12:00:00,-1.880178197959164,-1.6406838209207213,-1.1593483655441557,-0.10662445267848968,-1.2030495953145484
2000-01-16 12:00:00,-1.4664047638258533,-1.5218582642683027,-1.2733838072842052,0.06970234881115092,-1.5011290051938768
2000-02-15 12:00:00,-1.603092856011641,-1.6264896701301408,-0.5917109265504129,-0.10160561248417618,-1.0518206074443444
2000-03-16 12:00:00,-1.9291986609363154,-2.143945970156312,-2.2472464615920082,-0.006419905557763878,-1.2656212500847923
2000-04-16 00:00:00,-1.8097473104384565,-2.135422947279216,-0.7558984692173334,0.5475787537300846,-0.9259089476532439
2000-05-16 12:00:00,-2.072323821617406,-1.6854418896964138,-1.0130553612536977,-1.662508248394299,-0.689642017885647
2000-06-16 00:00:00,-1.5973610652343573,-1.0092762721445567,-0.7716438577842107,0.37603301439730075,-0.4772813734479601
2000-07-16 12:00:00,-1.0525558811637827,-1.2573831023564375,-0.734313337746866,-1.1293745387894363,-0.5488592914984733
2000-08-16 12:00:00,-0.40101519556619236,-1.0002757947740608,-0.8354744056103174,1.77153311634217,-1.0608022846635352
2000-09-16 00:00:00,-0.8344321317305391,-0.6150755078447957,-0.4639246124241833,1.076336334173799,-0.9418112049302925
2000-10-16 12:00:00,-1.1815331217555964,-0.3364585238622413,-0.1739286619161675,-1.3180601095732363,-0.8790378167752414
2000-11-16 00:00:00,-0.7473371215158686,-0.23531995393053243,0.2799082483785605,-0.7481933391589131,-1.3522682245333737
2000-12-16 12:00:00,-1.0009825054698227,-0.17698405608136428,0.004556568614140126,-0.2803493892168583,-0.9515791114017015
2001-01-16 12:00:00,-0.6691873960220946,-0.7205456541943198,-0.7258900080205616,-1.316550372380547,-1.7810599127796405
2001-02-15 00:00:00,-1.1474837849703203,-1.0540865080154733,-0.8367200012561797,-1.3837232636214132,-1.323030514589984
2001-03-16 12:00:00,-0.7716535913660355,-0.7621499873802949,-0.8747619738346548,0.1926355822184671,-1.2977498047306362
2001-04-16 00:00:00,-0.9870760940828098,-0.8991441149675615,-0.48828054265645765,1.079264602698215,-1.1653960265402385
2001-05-16 12:00:00,-0.9661739732623031,-0.9263422101371067,-1.056943633077673,-0.42815542977734794,-1.0418060806957326
2001-06-16 00:00:00,-0.781824084359898,-0.900588460854643,-0.8084849297355081,-1.3534238545829973,-1.1340207878055952
2001-07-16 12:00:00,0.022041169887641883,-0.4876739045878293,0.40559792218077484,2.3735653554781417,-0.965058860069095
2001-08-16 12:00:00,-0.06313137884334916,0.2638441779581166,0.16293716280400541,-0.6005629072043861,-0.858391351993571
2001-09-16 00:00:00,-0.5240250624853663,0.400991264083385,-0.13597540551435902,-0.46348020760925435,-1.423940027896467
2001-10-16 12:00:00,-0.4975621158577098,0.3486008555111427,-0.3624366144415567,-0.7738839672464831,-0.6777158536044727
2001-11-16 00:00:00,-0.5212164092033654,0.3080801723937102,-0.08584904806940831,0.07411455496039122,-0.8068641001169191
2001-12-16 12:00:00,-0.888675140655991,-0.508575297058643,-0.3318318627571862,-0.8131117283714198,-0.5164280064345749
2002-01-16 12:00:00,0.2215964330148001,0.10497336600507087,1.3600763429866953,-0.7915628321499898,-0.027062453856182802
2002-02-15 00:00:00,0.33456191673112884,0.38121682673476937,1.354179881546874,0.5584004962168898,1.3231859713750043
2002-03-16 12:00:00,0.21110547054833625,0.36608071808857434,-0.14650728699000864,0.8576618709254207,0.13066836803728046
2002-04-16 00:00:00,-0.05478665249500033,0.8688851519256128,0.15352629857511949,0.2543221671910117,-1.203679417756549
2002-05-16 12:00:00,0.4096252539428483,0.6315040911574045,0.5177527433433518,0.3317436871742406,-1.4207846660548094
2002-06-16 00:00:00,0.527552129576421,0.6110130779179348,0.41025023724159926,-1.5978385036259444,-1.3012847281834312
2002-07-16 12:00:00,0.9886636441109564,0.667604019390981,0.7037697571783247,-0.2059895685284745,-0.17940351896602072
2002-08-16 12:00:00,0.6594605195973298,0.8177780299174952,0.9261667423621822,2.187665523749147,-0.43405328102430724
2002-09-16 00:00:00,0.9220850964834423,0.9494451384401551,1.112409922586429,-1.6991058130546743,-0.4171539879732176
2002-10-16 12:00:00,0.8286147221221702,1.0869199522485369,1.4489994824086139,-1.3693851452246244,0.5027348598952884
2002-11-16 00:00:00,1.0667988180122274,0.9202141450515897,0.2685045149056982,-1.0275959082773753,0.8118741604084223
2002-12-16 12:00:00,0.6447693328357045,0.7490318251824479,-0.8397721436400989,-0.12545785511983243,0.2698845572374095
2003-01-16 12:00:00,0.4145540975424155,0.9352143261858407,-1.1085950771902746,1.0947541218247907,-1.0166916117769222
2003-02-15 00:00:00,0.5591454625154778,0.8026689186401795,-0.004949750772025342,-0.44753789509212083,-1.4935976991137705
2003-03-16 12:00:00,0.12951521093561588,0.5918821334093358,-0.40327971497024145,0.3694823998709039,-0.6825314002284666
2003-04-16 00:00:00,-0.0037655759614111267,0.15996004556816515,0.23318626781831978,0.23810209493138482,-0.8930946123249773
2003-05-16 12:00:00,0.6152224373300619,0.10810629427462647,0.7182670611974579,-0.8512907179421646,-1.0596824290617257
2003-06-16 00:00:00,0.16519103879155234,-0.062012185245796096,0.6896622274849709,0.6859477625769581,-1.5829715066344676
2003-07-16 12:00:00,-1.1669672825602577,0.14589351611993007,-0.12223726333565542,-0.8204019286468519,0.028696265319291384
2003-08-16 12:00:00,-0.5503898665188156,0.6482205319848328,-0.1018726775877515,-0.6565094012817035,-0.05376607418982908
2003-09-16 00:00:00,-0.044298912694284646,0.2660255907647476,-0.3479302735964703,-0.32503352262467733,-0.06429463981107501
2003-10-16 12:00:00,-0.007409130906145114,0.6473727395909037,0.04393314711150819,-1.392726594559077,-0.10493634182261194
2003-11-16 00:00:00,-0.04152273833076587,0.3141763650464131,1.3470184263330194,-0.6500317262368581,-0.011262452606509122
2003-12-16 12:00:00,0.1364746171766009,0.21940217796008601,1.4389153013998666,0.676516531081776,0.13679710589007524
2004-01-16 12:00:00,0.0870983579469793,0.373923697598282,1.9700119762513526,0.10781834833177636,-0.2011966893164075
2004-02-15 12:00:00,0.12770765411770074,0.573002060893953,-0.6812386564801328,-0.8545067965085599,-0.03488450255845525
2004-03-16 12:00:00,0.1313584355686865,0.21306036722327587,-0.04312290684613471,-1.8890453467660777,-1.1457904246489428
2004-04-16 00:00:00,0.1530733307134298,-0.055383934357839025,0.0824342611953742,1.3352672211272738,-0.8496300102673616
2004-05-16 12:00:00,0.9019739810310793,0.3895240414161486,-0.25473102609530496,0.5592702499244802,-0.16121716018685783
2004-06-16 00:00:00,0.9659308048028438,0.7707177451711008,0.2922775399269671,-0.713314752668416,-0.506681686008434
2004-07-16 12:00:00,0.3929158560470929,0.8045760190209978,0.2991779383290032,-0.2719799071995261,-0.47919305701851084
2004-08-16 12:00:00,0.10713355758692572,0.377001821858422,0.35400657270712976,-0.636550588872116,0.1703914876099675
2004-09-16 00:00:00,0.7521658832932389,1.210509131490925,1.0826980964293096,1.2390159281915045,-0.06724215226589005
2004-10-16 12:00:00,0.49856879613249083,1.0461344584723558,0.39964224364320466,-1.816893688557012,0.5354651177113957
2004-11-16 00:00:00,0.28483810394646386,0.983345360306347,1.2422282006517782,0.044739368095146746,0.09252318660283564
2004-12-16 12:00:00,0.7744531307100005,0.9283949512489622,-0.4108123854022811,-1.064487780583051,0.11312049937697269
2005-01-16 12:00:00,0.8313527238699684,1.3220989222504285,0.7836536566047116,0.6482767001429622,0.8350032525064842
2005-02-15 00:00:00,1.003003966748529,1.2447434016186198,-0.684431632489669,-1.374832531570764,-0.8367927824048799
2005-03-16 12:00:00,1.2463386696307632,1.109513480565737,0.7651610535671927,-0.392868391640455,0.6655653859248413
2005-04-16 00:00:00,0.31094112483970865,0.6504780888343396,0.7271082577080683,-2.3650938406771402,0.9347214344687971
2005-05-16 12:00:00,0.19871835172363325,0.16862581471023236,0.09339987496418954,1.370817802328387,0.2216942218127367
2005-06-16 00:00:00,-0.04145960622706988,0.23178326448431483,-0.09321055148009703,2.2763833952657078,-0.4641704232520716
2005-07-16 12:00:00,0.025786703906948896,0.22450415378672817,0.2396452306803301,-1.8448877614587045,0.5819810049633889
2005-08-16 12:00:00,-0.7554774315948496,0.04705933007822821,-0.5460217172746556,2.115910943736801,0.27689420975862483
2005-09-16 00:00:00,-0.22745655486615518,-0.2752546175549061,-0.11272609857443829,-0.2777682919681441,0.8709089547809521
2005-10-16 12:00:00,-0.26503051688256546,-0.15532299506272707,-0.12234375708049533,1.6947848653742539,0.13807038366112245
2005-11-16 00:00:00,0.3143264937678815,-0.07691721061251831,0.5254996730614693,1.4225822260978553,0.22040192062863687
2005-12-16 12:00:00,-0.19287040905405442,-0.12657882158242403,-0.0048351899633811155,0.8255996326501631,-0.5655258115196401
2006-01-16 12:00:00,-1.0225051035266224,-0.8546865144350914,-0.6788257768943223,-0.5219966910264239,-0.2361247772430204
2006-02-15 00:00:00,-0.8506690708884722,-0.5639096396828874,-1.40674915340018,0.25339173025384104,0.11830261340011063
2006-03-16 12:00:00,-0.0866724577093408,-0.08785252315228353,0.023097262906434036,0.7899783048338568,-1.0546147965999269
2006-04-16 00:00:00,-0.01973341484747492,-0.04081682613584168,-0.1296681616474976,-1.4729898663976566,-0.26444103024661464
2006-05-16 12:00:00,-0.19353267252877,-0.22650246336847027,-0.6587946797842656,-1.572482974550208,0.2417157319826502
2006-06-16 00:00:00,0.08162737187666996,-0.5121565323990757,0.21133779514671178,-0.9359061246884575,0.3224865885011756
2006-07-16 12:00:00,0.5079843035500373,-0.14306131493894325,0.38458419051386517,-0.07985337590674192,0.5257985578021278
2006-08-16 12:00:00,0.5587116837760019,0.11754188810135358,1.1341932264775247,-0.6501066849113714,0.3449221265237352
2006-09-16 00:00:00,0.08604350569957797,0.3709617661642436,0.46461330115126753,-0.4787403054749665,0.880172565353228
2006-10-16 12:00:00,0.4751598881221358,0.7564312875104181,0.746934596265975,0.6021173547933693,0.9214351391277451
2006-11-16 00:00:00,0.8310854560079516,0.99568588852766,1.681388303984253,0.907078706886857,0.12402954136281602
2006-12-16 12:00:00,0.5645440919939518,0.8101667654648621,1.7112442463644466,-1.4580824231928604,0.8338862471232107
2007-01-16 12:00:00,-0.20131265608715804,0.39707309739337726,0.33655259249859193,1.0592222578648864,0.9063780408782612
2007-02-15 00:00:00,-0.34234415425775705,0.561627657528073,0.2463208742901038,0.34408591357442475,-1.721963716307938
2007-03-16 12:00:00,-0.8988203369914276,0.16003168918406277,-1.5914310566301897,-0.765245511335187,-0.5978683170400946
2007-04-16 00:00:00,-0.8209586618323437,-0.1957863529529401,-1.4012431453279497,-0.8134187039641705,-0.602083270071669
2007-05-16 12:00:00,-0.6933708352402229,-0.6375852436832705,-1.346023121299137,-1.3076639312497322,-0.3410532247487604
2007-06-16 00:00:00,-0.29175954955764916,-0.8544073598643459,-1.050062583832817,0.06763166961728986,-0.6715618172597458
2007-07-16 12:00:00,-0.8141038263925537,-0.8301492091236085,1.0442170051458817,0.9597670553974131,-0.8028039526673731
2007-08-16 12:00:00,-0.8509010380426713,-0.786387359427819,0.019258878690495196,-0.9138544427044384,-0.4463206102770308
2007-09-16 00:00:00,-0.7149702247100291,-1.164115822581,-0.8493902403670727,0.20546814044607462,-0.7123263066625517
2007-10-16 12:00:00,-0.825380210168953,-1.2082581370566157,-1.0675330071751121,0.4040746376111349,-0.9877269748060853
2007-11-16 00:00:00,-1.2816055587957262,-1.9342705568457037,-2.518816190400047,0.33262747583783037,-0.45579328993428864
2007-12-16 12:00:00,-1.4978368778943172,-1.6692831182183427,-1.0761046896881037,-0.016065709163807774,-0.6687059704293712
2008-01-16 12:00:00,-1.173589124541828,-1.6459101524184463,-1.3953088391036756,0.8667381603749138,-0.2705466609967852
2008-02-15 12:00:00,-0.8517616725629316,-1.7499572544069364,0.9054216169338906,0.6161466725262476,0.49379293193706975
2008-03-16 12:00:00,-0.9747496388991528,-1.7220424162600756,-0.1590458195106919,1.1918201019547336,-0.22361407238175235
2008-04-16 00:00:00,-0.9608317396907358,-1.6679274064194525,-0.31472542970415984,-0.6204597752116837,0.029160917427345983
2008-05-16 12:00:00,-1.3212688442562792,-1.945310720150097,0.30368838458306874,-0.8907990601685832,1.063670229851063
2008-06-16 00:00:00,-1.1226372488199368,-2.235051304840559,-0.8980818749405933,-0.6303197102317897,1.4500283053474978
2008-07-16 12:00:00,-0.4512139208827805,-1.8956804131714986,-0.28735932355487165,1.0493097951804078,1.1847062981093972
2008-08-16 12:00:00,-0.274829116698926,-1.1614881833277952,0.9775216850239077,0.7312020978247307,1.2025199624642462
2008-09-16 00:00:00,-0.11239088579610577,-0.5984352620776698,0.6609635496601441,0.2547238186503093,0.1045557165290445
2008-10-16 12:00:00,-0.1429500100127329,-0.7395514386269556,0.8304489058864604,0.18000980044259177,-0.5483387024257133
2008-11-16 00:00:00,-0.9831320652326173,-0.7335603128971018,0.46275586603527186,0.7590469350736151,-0.3308269080291592
2008-12-16 12:00:00,-0.5387547700597194,-0.5042526713619959,0.8322974478858967,0.225981648380616,-0.4441520497103671
2009-01-16 12:00:00,-0.729429203791088,-0.6521524492264056,0.7278778856076084,-0.7271294520504492,-1.1209696713839141
2009-02-15 00:00:00,-0.9059314067804781,-1.0043039400423284,0.6871174324896985,0.9608804495881487,-0.7333207462956643
2009-03-16 12:00:00,-0.38818409740323917,-0.7748060692132351,0.601959514277979,-2.0480312233665736,-0.8027963953216923
2009-04-16 00:00:00,0.10796294995945327,-0.182976001209409,1.0329884553304014,0.5789942691316263,-0.0551776812672329
2009-05-16 12:00:00,0.2978360728958331,0.13817493328008135,1.0812982276978718,-0.31052617696718465,0.32716467717210246
2009-06-16 00:00:00,0.5076612261925992,0.9248471136321079,0.9979917503077617,0.056129803779974764,0.1250277325206899
2009-07-16 12:00:00,0.6406593594311377,1.0740268492063392,0.23421513364781896,-1.084014358870141,0.4646720552906758
2009-08-16 12:00:00,1.1132773616175538,1.2995713480690794,0.8741399663323016,0.8335572464208012,1.0681369465593955
2009-09-16 00:00:00,0.26112954135981886,1.0618737715947137,0.23040214737480572,-0.7392993677907604,0.6439504957601945
2009-10-16 12:00:00,0.3922065088741216,1.0406941792118256,0.6228030276062219,-0.4530534577670431,-0.19479016280833722
2009-11-16 00:00:00,0.6673407613580586,1.0809410199439216,1.0591633690241546,-2.0695129249305126,0.3623128966903933
2009-12-16 12:00:00,1.1685736195059484,1.7948872695593447,1.423914130702665,-0.44735649217412476,1.6849979444099998
2010-01-16 12:00:00,1.155713627226881,1.5012490697967136,0.4840460851549797,0.22498849494022835,1.5614062405454914
2010-02-15 00:00:00,1.2422633382242327,1.0801190248091646,0.28202415148764426,1.479571858905749,0.993773043917931
2010-03-16 12:00:00,0.5206280480705965,0.7378989291251434,0.0720476938671815,-0.1260412081293118,2.162148194900831
2010-04-16 00:00:00,1.085684106520311,0.5719274688328647,-0.35508357450912376,1.9601943198071816,1.445358547384098
2010-05-16 12:00:00,0.8439828236756937,0.3328796683197425,-0.424584493010037,2.064217495997917,-0.24487847053971162
2010-06-16 00:00:00,-0.05753272875481827,-0.12251835771415782,0.18185590791117615,0.5744402000909871,-1.077206670290082
2010-07-16 12:00:00,-0.30634453472078876,-0.6739008685606858,0.3319692777148298,-0.6591552121452801,-0.7493182629698527
2010-08-16 12:00:00,-1.088221474693516,-1.8633175113560079,-1.19779414105601,-0.4442041577744097,-0.5645330558032924
2010-09-16 00:00:00,-1.303945373326539,-2.1755805718221377,0.298857564351128,0.6293702792954756,-1.1190830254270263
2010-10-16 12:00:00,-1.0566544849782706,-2.522604152027228,-0.802756785173379,0.4111032252958789,-0.3309603863640253
2010-11-16 00:00:00,-1.0623852996633383,-1.985428995640155,-0.6488676606724416,0.40127294610354053,-0.7938908952157511
2010-12-16 12:00:00,-1.0580015216202427,-1.568037338815338,-0.6886385542441479,0.31519095807551306,-0.6741889740429311
2011-01-16 12:00:00,-1.5116221883564802,-1.2497738600874304,-0.7062205563624477,-0.650421428037487,0.026088984293011465
2011-02-15 00:00:00,-1.0908578821885868,-1.221717894948536,-0.7850725776214109,-0.3940627567286626,0.4105302778804355
2011-03-16 12:00:00,-0.5658688514906537,-1.0200894058180334,-0.45569078090669757,2.10140615095347,0.6625261983232068
2011-04-16 00:00:00,-0.07867970553407727,-1.5080384797193926,-0.28083934301914437,-1.0839401236649584,1.2366708884981938
2011-05-16 12:00:00,-0.38309973161219396,-1.1587843228261336,0.998145904359172,0.25897384680851393,0.8123287718251847
2011-06-16 00:00:00,-0.2965483458571535,-1.3980842550421662,-0.7693638649734995,1.1277707510698252,0.8620220541379998
2011-07-16 12:00:00,8.023900735102767e-05,-1.5151632458403024,-0.7203909656749252,0.5752522994661574,0.25567335185078477
2011-08-16 12:00:00,0.06819778535790277,-0.5795790436080618,0.307663506971836,-1.389819130675554,-0.0989321500748624
2011-09-16 00:00:00,-0.7305772245422333,-0.8311336113091407,-0.2943228885777108,2.289719478133791,-0.09629620360620966
2011-10-16 12:00:00,-0.6625583982336428,-0.9103004766964886,-0.19800818987816066,1.2959206870413984,-0.43223891998367536
2011-11-16 00:00:00,-0.28181827318567265,-0.951304343909227,-0.07515901764382696,0.8219132179042247,-0.61597265657116
2011-12-16 12:00:00,-0.7293175372896104,-0.5419789105619601,0.9759304519332467,1.899162242842351,-0.6335649018151874
2012-01-16 12:00:00,-0.9095322651488362,-0.8330416576339597,-0.21621926760924348,0.0710284183752047,-0.24928608573710692
2012-02-15 12:00:00,-1.563951493625748,-1.0386436325222994,-1.9970972437866823,-1.4648947756034345,-0.06115669922681143
2012-03-16 12:00:00,-1.2679483880114168,-1.1101160275868587,-0.7912553472469042,0.7596323309742281,0.5392220156283477
2012-04-16 00:00:00,-1.015143402217684,-1.3176423687606997,-0.04868360019840108,-0.0690353162589529,1.0547528189590338
2012-05-16 12:00:00,-1.5002194353170908,-1.8057963541562945,-0.3966479889195238,-0.5629693970762106,0.5034254720608051
2012-06-16 00:00:00,-1.4979363747281733,-1.4523258451587362,-1.0924343314140579,0.47237627481881167,0.42737419006827526
2012-07-16 12:00:00,-0.8337298307137414,-1.8649066789246247,-1.669914097455821,-0.2169806890473805,0.5410801834299908
2012-08-16 12:00:00,0.5187691517649241,-1.049488254741574,-0.34077662330347236,-0.626482869338076,0.574655747074769
2012-09-16 00:00:00,0.19368031387111512,0.14857982378248172,1.1020698918389116,0.3846716085502561,0.33025095592630765
2012-10-16 12:00:00,0.5825060232025597,0.003162094670897201,0.8844121878442742,0.24888995975308484,-0.036079290001935216
2012-11-16 00:00:00,0.02995643874875759,0.6743393376368585,0.10497342537648861,0.30077146704922547,-0.20400721113814865
2012-12-16 12:00:00,0.4292231679671746,0.27152745174602305,-0.18925663356669045,0.12486211845022843,-0.02071463428130166
2013-01-16 12:00:00,-0.2408100085206283,0.07722634085731439,-1.0307208507555499,-0.17283237427593223,-0.45278016322259884
2013-02-15 00:00:00,0.1997902285874757,-0.17194314658135476,1.2137096707377366,-0.08911936379539806,-0.6298487101864478
2013-03-16 12:00:00,-0.38794253520061567,-0.6995207700447095,0.1908962641198981,-0.9942063247543049,0.661223689351078
2013-04-16 00:00:00,0.04953573762673217,-0.013092511143450336,0.5100595728305208,1.2944560500425628,0.6474520778230991
2013-05-16 12:00:00,0.472991462241154,0.11999782315255347,0.7630156530789682,0.1449748354678428,-0.05967950146801182
2013-06-16 00:00:00,0.5984992238184935,-0.1349793120655404,1.4675799725693341,1.3525716920533501,0.20289883065383854
2013-07-16 12:00:00,-0.07772218667217576,-0.07108113145986666,1.3822591416424177,-0.18082339178478837,-0.25401380879617413
2013-08-16 12:00:00,-0.2275279654913836,-0.5011517970073446,0.7944336555344582,-1.2966485683210636,0.20998150474376062
2013-09-16 00:00:00,0.4401856852822734,-0.06927681049679142,0.6267752467769662,0.5797354682250118,0.33025095592630765
2013-10-16 12:00:00,0.42501032981584236,-0.08894716123688665,-0.3880442188965321,0.2761543417487903,-0.07961670841769942
2013-11-16 00:00:00,0.0457391008745049,-0.024186521374438885,-0.5414863826238968,0.13387981038680025,0.11582200356819947
2013-12-16 12:00:00,-0.014581761525644337,0.3206751228525736,1.2567376226444293,-0.293843727414705,0.1355509687051751
2014-01-16 12:00:00,0.688783745887617,0.5353291078328594,1.741977831958677,2.5959668736848505,0.6659310587747586
2014-02-15 00:00:00,1.1193762426942557,0.12463701888309386,1.8585456893908685,0.1995025627017502,0.26259760125553966
2014-03-16 12:00:00,1.0688245844908626,0.48835236155182715,1.8739016892628133,-1.469959516096698,1.1739780547124488
2014-04-16 00:00:00,1.0949224653185552,0.5561214779571021,0.5612994941117712,-1.059136365966387,2.1546087425494296
2014-05-16 12:00:00,1.0892098716116367,0.06649212168940068,0.45432803687951795,0.7598764506087469,1.2445788753149252
2014-06-16 00:00:00,1.0992151020855214,0.5428224707653285,0.7463121478659641,0.17223811260087193,1.256542464577886
2014-07-16 12:00:00,1.258104517507729,0.7284469879694095,0.5182290444190498,0.7345363158750676,0.23140253467711996
2014-08-16 12:00:00,0.47747544215161963,0.5518508222634594,0.6143957495364296,1.1939639430735747,0.08228975934039479
2014-09-16 00:00:00,0.32686359685331423,0.3853525698363702,0.13447314260439328,-0.2578322220856093,1.385039341542259
2014-10-16 12:00:00,0.6044775128695092,0.6149255291103006,-0.21625884541127838,0.6552077101423208,0.5363914457627958
2014-11-16 00:00:00,0.8191303358924591,0.8439138434582114,0.3769563475251648,-0.1612534250184244,0.4089105306211195
2014-12-16 12:00:00,1.0576846712313652,0.9325843997896816,-0.5418642794097773,0.058681190245135365,0.8832332796452553
2015-01-16 12:00:00,1.4118042536695243,1.208119206916784,0.46793795482772166,1.6646240165310173,1.2252866697734353
2015-02-15 00:00:00,1.7739874123152028,1.523573408392393,0.9093817365301334,1.3268386703199802,0.5548252657358651
2015-03-16 12:00:00,1.9268193944255145,1.2707496151945905,1.790445216805146,-0.611899931908988,0.8205639536081678
2015-04-16 00:00:00,2.0197038092877175,1.4682418063445843,1.678450500370654,-1.2450195540192035,1.6005070275765136
2015-05-16 12:00:00,1.7379636722144836,1.407579782880693,1.8890551194954655,-0.9415045757586963,2.0189822865297926
2015-06-16 00:00:00,1.8545391833297438,1.598328309150412,1.934402857015935,0.4767348766097943,1.7813777739344716
2015-07-16 12:00:00,1.8670155004501483,1.9949826646658952,1.9387077151749117,-1.4569273764758859,1.1217819572887837
2015-08-16 12:00:00,2.4645178863358805,1.8844554975087828,1.6968939823089624,-0.7684465461009605,2.541331668636654
2015-09-16 00:00:00,2.6922704344480737,1.7301302554471072,1.878911988472127,-0.9372067239622325,2.713525312248179
2015-10-16 12:00:00,2.9469824913494453,1.3464391384669478,1.2274776837162955,-0.7055595567296673,1.655395731853074
2015-11-16 00:00:00,3.0640415119507733,1.113525761499938,0.7236919062347266,-1.4999669554117663,1.8791188329922712
2015-12-16 12:00:00,2.1083459958589024,1.1185547029632699,0.4777665750303482,0.5200702145402156,1.8517310997496392
2016-01-16 12:00:00,1.7780755764722107,1.3093408814809042,-0.21083162764717897,0.11478871398898255,1.6808704253379694
2016-02-15 12:00:00,1.642324540135951,1.5191355195545881,-1.0755089928264867,-0.9933591117701548,0.9780097259169165
2016-03-16 12:00:00,2.070556782015756,1.525564739767235,-1.1579990644552096,1.3497190462872664,0.39073599280566407
2016-04-16 00:00:00,1.3333184685948958,1.3652644028211782,-1.9648319784518584,0.6089405050436199,-1.0180193626097802
2016-05-16 12:00:00,0.6736768587446118,1.6713707171783798,-1.3781895323391973,0.4658033185833384,-0.4593946509316419
2016-06-16 00:00:00,1.0524439725527077,1.444611792821552,-0.2590518107265466,-0.7134358249403878,-0.4069590042154707
2016-07-16 12:00:00,0.11337057868545972,0.55535407708182,-1.4443171209704189,-0.337926630312963,-0.23288920866354124
2016-08-16 12:00:00,-0.2500740858737212,-0.39883100572169744,-1.8391262742962442,-0.46645911674439167,0.5244712183136239
2016-09-16 00:00:00,-0.371214956278457,-0.5779456489360169,-2.222234231245904,-1.1128084298372392,-0.25925153503669796
2016-10-16 12:00:00,-0.41634964699314986,-0.8002956901435799,-1.6816965253787042,1.0160848238720477,-0.025272129402276595
2016-11-16 00:00:00,0.2762890203267613,-0.5394253493888204,-1.910617071847388,1.6440237739159882,-0.252193400771058
2016-12-16 12:00:00,0.6131688725596273,0.13366458020260502,-0.6140493999441738,-0.44096134928905834,0.05056441269498598
2017-01-16 12:00:00,0.7787518234869297,0.36778524281952,-0.977045346184336,-0.5880961585269552,0.7565416057148159
2017-02-15 00:00:00,0.3524631025654995,0.23197317402487078,-0.44247039852027714,0.5407061961553056,0.28280698330812093
2017-03-16 12:00:00,-0.17625264974149873,0.313620211406205,-0.21518500911663124,0.9510792928747142,0.2930478198960047
2017-04-16 00:00:00,0.2797655260857623,0.3915122718524841,-0.22059554813578966,0.17861560822951109,0.23842426640672773
2017-05-16 12:00:00,0.06337991433555366,0.4253320833791657,-1.292695226621652,1.3209373416177042,0.39473727399556047
2017-06-16 00:00:00,0.5619154713269829,0.5123216732519208,-0.9114006448249472,0.6099446438466996,0.6021868593467746
2017-07-16 12:00:00,0.35662983519604446,0.8389843838604105,-0.19359716863048293,0.8020968146202486,0.9240197432811436
2017-08-16 12:00:00,0.2747623730089203,0.5293826481763853,-0.46208285625743917,0.5527650160832629,0.6839464985990487
2017-09-16 00:00:00,0.1012030693591156,-0.22272387961113224,-1.4608233695239978,0.6785627686886713,0.0725541527339087
2017-10-16 12:00:00,0.021105780546858646,-0.5065688310915559,-1.9373535812126408,0.52980462940428,-0.05182686687572143
2017-11-16 00:00:00,0.0949396719725247,-0.7596044330528643,-1.0849402225612435,1.12333308159251,-0.13702311236272974
2017-12-16 12:00:00,0.08436524890677705,-0.41314226983782787,-1.6932201573117602,1.4705703274716035,-0.1209040639472724
2018-01-16 12:00:00,0.6497588227519794,-0.36621200371678436,-0.09659539726509563,0.004010902714943716,1.071906805400042
2018-02-15 00:00:00,0.171557401319405,0.012541044651101167,1.801113588440122,0.7341667822966177,1.4921364053345836
2018-03-16 12:00:00,0.6141940164460674,0.17774877683580792,1.3094671093117345,0.1202223919338736,1.07846073008967
2018-04-16 00:00:00,1.20436148492854,0.7513599099038965,2.0308758620887826,-0.31713089111925624,0.32074794977413235
2018-05-16 12:00:00,1.8052498071672904,1.1510193265159578,1.8111483587297919,1.3935421710075448,0.6124711970933697
2018-06-16 00:00:00,1.6741788642931112,1.2224937557507178,1.419113194702033,0.36677098559146265,1.255747861535711
2018-07-16 12:00:00,2.0431187054807656,1.1467874192476304,1.6141044489597507,-0.8704289732309208,1.2076287365511906
2018-08-16 12:00:00,1.838515316195943,1.1099864373262895,1.3265256831127794,0.6544578147099883,0.7787394973701077
2018-09-16 00:00:00,1.2596721376775684,0.89849983524318,0.5302788012947999,1.5544544728939276,1.0123895526120736
2018-10-16 12:00:00,1.426857564406093,1.148143251895325,0.9271243904626306,0.5005133988669275,1.3685428119364442
2018-11-16 00:00:00,1.1679533430042646,1.129511796549973,0.8608935594327156,0.6940381242182849,1.599797788691611
2018-12-16 12:00:00,1.6843822888226203,1.292749760293773,1.389856985690322,1.2500552400080924,0.8966915612421767
